id,date,played_on,time,field,home,away,home_score,away_score
1,2026-09-14,2026-09-14,19:00,Hockey Field 1A,Al-Cohol,Zware Jongens,1,2
2,2026-09-14,2026-09-14,19:00,Hockey Field 1B,Ampel 2,VVvTP – A,0,0
3,2026-09-14,2026-09-14,19:00,Hockey Field 2A,VV De Benenbrekers,VVGSD,6,2
4,2026-09-14,2026-09-14,19:00,Hockey Field 2B,Booterbal,De uitgelootgieters,1,11
5,2026-09-14,2026-09-14,19:00,Football Field 1A,Club Tower Brugge,Team Tesla,0,0
6,2026-09-14,2026-09-14,19:00,Football Field 1B,DHL dreamteam,De Raafschap,10,3
7,2026-09-14,,19:00,Football Field 2A,DreamTeamTeam,Natte Honden,,
8,2026-09-14,2026-09-14,19:00,Football Field 2B,Jiyan,MTT Gunners,3,1
9,2026-09-21,,19:00,Hockey Field 2A,VVvTP – A,Al-Cohol,,
10,2026-09-21,,19:00,Hockey Field 1B,VVGSD,Zware Jongens,,
11,2026-09-21,,19:00,Hockey Field 1A,De uitgelootgieters,Ampel 2,,
12,2026-09-21,,19:00,Hockey Field 2B,Team Tesla,VV De Benenbrekers,,
13,2026-09-21,,19:00,Football Field 1A,De Raafschap,Booterbal,,
14,2026-09-21,,19:00,Football Field 1B,Natte Honden,Club Tower Brugge,,
15,2026-09-21,,19:00,Football Field 2A,MTT Gunners,DHL dreamteam,,
16,2026-09-21,,19:00,Football Field 2B,Jiyan,DreamTeamTeam,,
17,2026-09-28,,19:00,Hockey Field 2B,Al-Cohol,VVGSD,,
18,2026-09-28,,19:00,Football Field 2B,VVvTP – A,De uitgelootgieters,,
19,2026-09-28,,19:00,Hockey Field 2A,Zware Jongens,Team Tesla,,
20,2026-09-28,,19:00,Football Field 2A,Ampel 2,De Raafschap,,
21,2026-09-28,,19:00,Hockey Field 1A,VV De Benenbrekers,Natte Honden,,
22,2026-09-28,,19:00,Hockey Field 1B,Booterbal,MTT Gunners,,
23,2026-09-28,,19:00,Football Field 1B,Club Tower Brugge,Jiyan,,
24,2026-09-28,,19:00,Football Field 1A,DHL dreamteam,DreamTeamTeam,,
25,2026-10-05,,19:00,Hockey Field 1B,De uitgelootgieters,Al-Cohol,,
26,2026-10-05,,19:00,Hockey Field 1A,Team Tesla,VVGSD,,
27,2026-10-05,,19:00,Hockey Field 2B,De Raafschap,VVvTP – A,,
28,2026-10-05,,19:00,Football Field 1A,Natte Honden,Zware Jongens,,
29,2026-10-05,,19:00,Hockey Field 2A,MTT Gunners,Ampel 2,,
30,2026-10-05,,19:00,Football Field 2A,Jiyan,VV De Benenbrekers,,
31,2026-10-05,,19:00,Football Field 1B,DreamTeamTeam,Booterbal,,
32,2026-10-05,,19:00,Football Field 2B,DHL dreamteam,Club Tower Brugge,,
33,2026-10-12,,19:00,Football Field 1B,Al-Cohol,Team Tesla,,
34,2026-10-12,,19:00,Hockey Field 2A,De uitgelootgieters,De Raafschap,,
35,2026-10-12,,19:00,Football Field 2B,VVGSD,Natte Honden,,
36,2026-10-12,,19:00,Hockey Field 1A,VVvTP – A,MTT Gunners,,
37,2026-10-12,,19:00,Hockey Field 2B,Zware Jongens,Jiyan,,
38,2026-10-12,,19:00,Football Field 1A,Ampel 2,DreamTeamTeam,,
39,2026-10-12,,19:00,Hockey Field 1B,VV De Benenbrekers,DHL dreamteam,,
40,2026-10-12,,19:00,Football Field 2A,Booterbal,Club Tower Brugge,,
41,2026-10-19,,19:00,Football Field 2B,De Raafschap,Al-Cohol,,
42,2026-10-19,,19:00,Hockey Field 1B,Natte Honden,Team Tesla,,
43,2026-10-19,,19:00,Football Field 1B,MTT Gunners,De uitgelootgieters,,
44,2026-10-19,,19:00,Football Field 1A,VVGSD,Jiyan,,
45,2026-10-19,,19:00,Hockey Field 1A,DreamTeamTeam,VVvTP – A,,
46,2026-10-19,,19:00,Hockey Field 2A,Zware Jongens,DHL dreamteam,,
47,2026-10-19,,19:00,Hockey Field 2B,Club Tower Brugge,Ampel 2,,
48,2026-10-19,,19:00,Football Field 2A,Booterbal,VV De Benenbrekers,,
49,2026-10-26,,19:00,Hockey Field 2A,Al-Cohol,Natte Honden,,
50,2026-10-26,,19:00,Hockey Field 1A,De Raafschap,MTT Gunners,,
51,2026-10-26,,19:00,Hockey Field 1B,Team Tesla,Jiyan,,
52,2026-10-26,,19:00,Hockey Field 2B,De uitgelootgieters,DreamTeamTeam,,
53,2026-10-26,,19:00,Football Field 1A,VVGSD,DHL dreamteam,,
54,2026-10-26,,19:00,Football Field 2A,VVvTP – A,Club Tower Brugge,,
55,2026-10-26,,19:00,Football Field 2B,Zware Jongens,Booterbal,,
56,2026-10-26,,19:00,Football Field 1B,Ampel 2,VV De Benenbrekers,,
57,2026-11-09,,19:00,Football Field 1A,MTT Gunners,Al-Cohol,,
58,2026-11-09,,19:00,Hockey Field 1A,Jiyan,Natte Honden,,
59,2026-11-09,,19:00,Hockey Field 1B,DreamTeamTeam,De Raafschap,,
60,2026-11-09,,19:00,Hockey Field 2B,DHL dreamteam,Team Tesla,,
61,2026-11-09,,19:00,Hockey Field 2A,Club Tower Brugge,De uitgelootgieters,,
62,2026-11-09,,19:00,Football Field 1B,Booterbal,VVGSD,,
63,2026-11-09,,19:00,Football Field 2B,VV De Benenbrekers,VVvTP – A,,
64,2026-11-09,,19:00,Football Field 2A,Ampel 2,Zware Jongens,,
65,2026-11-16,,19:00,Football Field 2A,Al-Cohol,Jiyan,,
66,2026-11-16,,19:00,Hockey Field 1A,MTT Gunners,DreamTeamTeam,,
67,2026-11-16,,19:00,Hockey Field 2B,Natte Honden,DHL dreamteam,,
68,2026-11-16,,19:00,Hockey Field 2A,De Raafschap,Club Tower Brugge,,
69,2026-11-16,,19:00,Football Field 2B,Team Tesla,Booterbal,,
70,2026-11-16,,19:00,Football Field 1A,De uitgelootgieters,VV De Benenbrekers,,
71,2026-11-16,,19:00,Hockey Field 1B,VVGSD,Ampel 2,,
72,2026-11-16,,19:00,Football Field 1B,VVvTP – A,Zware Jongens,,
73,2026-11-23,,19:00,Football Field 2A,DreamTeamTeam,Al-Cohol,,
74,2026-11-23,,19:00,Hockey Field 2A,DHL dreamteam,Jiyan,,
75,2026-11-23,,19:00,Hockey Field 1B,Club Tower Brugge,MTT Gunners,,
76,2026-11-23,,19:00,Hockey Field 2B,Natte Honden,Booterbal,,
77,2026-11-23,,19:00,Football Field 1A,VV De Benenbrekers,De Raafschap,,
78,2026-11-23,,19:00,Football Field 2B,Team Tesla,Ampel 2,,
79,2026-11-23,,19:00,Hockey Field 1A,Zware Jongens,De uitgelootgieters,,
80,2026-11-23,,19:00,Football Field 1B,VVvTP – A,VVGSD,,
81,2026-11-30,,19:00,Hockey Field 1A,Al-Cohol,DHL dreamteam,,
82,2026-11-30,,19:00,Hockey Field 1B,DreamTeamTeam,Club Tower Brugge,,
83,2026-11-30,,19:00,Hockey Field 2A,Jiyan,Booterbal,,
84,2026-11-30,,19:00,Hockey Field 2B,MTT Gunners,VV De Benenbrekers,,
85,2026-11-30,,19:00,Football Field 1A,Natte Honden,Ampel 2,,
86,2026-11-30,,19:00,Football Field 1B,De Raafschap,Zware Jongens,,
87,2026-11-30,,19:00,Football Field 2A,Team Tesla,VVvTP – A,,
88,2026-11-30,,19:00,Football Field 2B,De uitgelootgieters,VVGSD,,
89,2026-12-07,,19:00,Hockey Field 2B,Club Tower Brugge,Al-Cohol,,
90,2026-12-07,,19:00,Hockey Field 1A,Booterbal,DHL dreamteam,,
91,2026-12-07,,19:00,Hockey Field 2A,VV De Benenbrekers,DreamTeamTeam,,
92,2026-12-07,,19:00,Football Field 1B,Ampel 2,Jiyan,,
93,2026-12-07,,19:00,Football Field 2B,Zware Jongens,MTT Gunners,,
94,2026-12-07,,19:00,Hockey Field 1B,VVvTP – A,Natte Honden,,
95,2026-12-07,,19:00,Football Field 2A,VVGSD,De Raafschap,,
96,2026-12-07,,19:00,Football Field 1A,De uitgelootgieters,Team Tesla,,
97,2026-12-14,,19:00,Hockey Field 1B,Al-Cohol,Booterbal,,
98,2026-12-14,,19:00,Hockey Field 1A,Club Tower Brugge,VV De Benenbrekers,,
99,2026-12-14,,19:00,Hockey Field 2A,DHL dreamteam,Ampel 2,,
100,2026-12-14,,19:00,Hockey Field 2B,DreamTeamTeam,Zware Jongens,,
101,2026-12-14,,19:00,Football Field 1A,Jiyan,VVvTP – A,,
102,2026-12-14,,19:00,Football Field 2A,MTT Gunners,VVGSD,,
103,2026-12-14,,19:00,Football Field 1B,Natte Honden,De uitgelootgieters,,
104,2026-12-14,,19:00,Football Field 2B,De Raafschap,Team Tesla,,
105,2027-01-04,,19:00,Football Field 1B,VV De Benenbrekers,Al-Cohol,,
106,2027-01-04,,19:00,Hockey Field 1A,Ampel 2,Booterbal,,
107,2027-01-04,,19:00,Football Field 2B,Zware Jongens,Club Tower Brugge,,
108,2027-01-04,,19:00,Hockey Field 2B,DHL dreamteam,VVvTP – A,,
109,2027-01-04,,19:00,Hockey Field 2A,VVGSD,DreamTeamTeam,,
110,2027-01-04,,19:00,Hockey Field 1B,Jiyan,De uitgelootgieters,,
111,2027-01-04,,19:00,Football Field 1A,Team Tesla,MTT Gunners,,
112,2027-01-04,,19:00,Football Field 2A,De Raafschap,Natte Honden,,
113,2027-01-11,,19:00,Football Field 2B,Al-Cohol,Ampel 2,,
114,2027-01-11,,19:00,Hockey Field 1B,VV De Benenbrekers,Zware Jongens,,
115,2027-01-11,,19:00,Hockey Field 2A,Booterbal,VVvTP – A,,
116,2027-01-11,,19:00,Hockey Field 1A,Club Tower Brugge,VVGSD,,
117,2027-01-11,,19:00,Football Field 2A,DHL dreamteam,De uitgelootgieters,,
118,2027-01-11,,19:00,Football Field 1B,DreamTeamTeam,Team Tesla,,
119,2027-01-11,,19:00,Hockey Field 2B,Jiyan,De Raafschap,,
120,2027-01-11,,19:00,Football Field 1A,MTT Gunners,Natte Honden,,
